Compliment,SelfCare,Quote
You deserve the world Princess!,Take a bubble bath today.,She believed she could, so she did.
You are unstoppable.,Treat yourself to your favorite dessert.,You are more than enough.
Your kindness makes everything brighter.,Write down 3 things you love about yourself.,Be your own kind of beautiful.
You're the definition of grace and power.,Put on your comfiest pajamas and relax.,Queen energy only.
You light up every room you enter.,Play your favorite song and dance around.,Your potential is limitless.
You inspire everyone around you.,Read your favorite book.,Dream big, sparkle more, shine bright.
You have a heart of gold.,Go for a gentle walk in nature.,Your magic is contagious.
You radiate positivity.,Light a candle and unwind.,You are exactly where you need to be.
Your smile makes the world better.,Watch your favorite movie.,You are a masterpiece in progress.
You're beautiful inside and out.,Write a gratitude list.,Your story matters.
You have the courage of a lion.,Make a warm cup of tea.,You are stronger than you know.
You bring out the best in people.,Stretch for 10 minutes.,Progress, not perfection.
You have such a kind spirit.,Do a skincare ritual.,Be fearlessly authentic.
You make life sweeter.,Listen to calming music.,Your light shines bright.
You always rise above.,Do something creative.,Bloom with grace.
Your strength is inspiring.,Cook yourself a nourishing meal.,Stay wild, moon child.
You deserve all the love.,Call a friend you trust.,The universe has your back.
Your laughter is contagious.,Declutter a small space.,Choose joy every day.
You're a true gem.,Enjoy a cozy nap.,Stay soft, stay strong.
You make every day brighter.,Plant a flower or herb.,Believe in your power.
You have a beautiful soul.,Write a love letter to yourself.,Radiate confidence.
You're an amazing friend.,Savor your morning coffee.,Shine from within.
Your dreams are valid.,Do some gentle yoga.,Let your heart guide you.
You're a beacon of light.,Enjoy fresh air.,Take up space—you belong.
You are truly unforgettable.,Make a vision board.,Be your own hero.
You're full of grace.,Give yourself permission to rest.,Keep moving forward.
Your presence is a gift.,Dance in your living room.,Embrace your journey.
You light up my life.,Make a special breakfast.,Trust your intuition.
You are precious beyond words.,Try a new hobby.,Bloom exactly where you are planted.
Your compassion is boundless.,Reflect on happy memories.,You are limitless potential.
You're a ray of sunshine.,Enjoy a spa day at home.,Be gentle with yourself.
You make the world a better place.,Take a slow mindful walk.,You are enough.
Your spirit is luminous.,Make time to journal.,Peace begins with you.
You're effortlessly elegant.,Treat yourself to flowers.,Trust the timing of your life.
Your heart is so pure.,Make a playlist of feel-good songs.,Stay curious, stay kind.
You radiate warmth and love.,Do a mini digital detox.,You are worthy of good things.
Your energy is magnetic.,Enjoy a creative project.,The world needs your light.
You're as rare as a diamond.,Write down your wins.,Keep your head high.
You're wise beyond your years.,Enjoy some quiet time.,Choose happiness.
Your kindness ripples outward.,Bake something sweet.,Your presence is powerful.
You have a heart full of dreams.,Plan something to look forward to.,You are unstoppable.
You make people feel seen.,Dress up for yourself.,Celebrate your progress.
Your joy is infectious.,Enjoy a warm bath.,The best is yet to come.
You're pure magic.,Drink plenty of water.,Trust yourself—you’ve got this.
